FID	IID	T10	T11	T12
692	693	0.30131568730204694	0.47122824753002807	0.01589927718719681
690	691	0.4001121088473716	0.14270921147664817	0.008217313637772429
682	683	0.2205131970663635	0.48870019186525904	0.011326927474463365
683	684	0.08910746867270725	0.7807141343023447	0.014286053748720353
688	689	0.4287908213408605	0.49549173208831043	0.01995853729762856
686	687	0.1657568047884528	0.5958992029120808	0.015485138132572716
687	688	0.34840153815974273	0.3616476033264234	0.03343941430656986
684	685	0.3971503315594383	0.265552603059638	0.024194149474547996
685	686	0.23921787455300042	0.12363840129012597	0.004589916474610689
689	690	0.12741337123620222	0.7975673274079806	0.0052193630449858305
691	692	0.20054911567755468	0.6880874898759702	0.004259670330756408
693	694	0.6550025446523361	0.1257537074757801	0.048209998270839036
825	826	0.09349838856349481	0.6984662360225348	0.001871998158913907
831	832	0.7352346035629201	0.16414540028778352	0.021011221421382467
843	844	0.3591421544535478	0.13417612451227945	0.02714829106649117
826	827	0.2599523336084156	0.15156747324325254	0.004626338767546895
827	828	0.2086969043665106	0.6198641516141157	0.009958631126445298
832	833	0.2673941287313576	0.35315264960511156	0.01806301174039561
842	843	0.13695590307674813	0.6925646253012141	0.000862643758067948
824	825	0.21313075056916767	0.6369858824831847	0.05580563093543302
829	830	0.21362793506881922	0.7149408013570995	0.02285224386114608
830	831	0.29336327906112986	0.3713053221120361	0.012839365264655884
835	836	0.25692605306292055	0.6080050901417867	0.021509429858473417
989	990	0.2409356490379672	0.6034950230322986	0.02497003419835962
847	848	0.19601973396973482	0.6320363564038909	0.020003956134920738
849	850	0.16081501951074023	0.6352576192117504	0.019899872834454463
846	847	0.32003599962884266	-0.020131217267582734	0.020406634044161123
848	849	0.13404227577317682	0.7889892621569551	0.03808166153718512
834	835	0.15203099080981672	0.4813041672087466	0.0025623938203642675
990	991	0.2672533351243672	0.3744800832338494	0.01964110537704517
985	986	0.36560553232865267	0.41503543929852604	0.005846842273739033
997	998	0.3840075625037833	0.42828633094832175	-0.004724426400308145
850	851	0.3890171400305535	0.44977766266312097	-0.005566212779631607
851	852	0.27906374804153666	0.42943593036764693	0.01619173490891233
836	837	0.3159834780110796	0.28923024727536517	-0.020746265427185936
812	813	0.1403042854823281	0.5935613055542608	0.027766299479370756
996	997	0.1391624653085283	0.7031439964565689	0.004045385430797995
992	993	0.18123585795345606	0.4164386531168462	0.009969480466163957
810	811	0.1364444275725402	0.6999143046505585	0.03196126213295107
811	812	0.40663492880337143	0.3570663965192219	0.006223795912213394
998	999	0.21045120533123274	0.5901403050440048	0.03368910298643572
986	987	0.18888787465318727	0.608237643393566	0.006103502172392392
991	992	0.22432205977397354	0.5075249116997528	-0.009723521656771983
995	996	0.20770964719902288	0.5201613713732902	0.035243986267629715
852	853	0.2283418383133164	0.489457640906953	-0.005269218884972587
993	994	0.3262071184492701	0.5127726390256406	0.02096125356096887
994	995	0.41224206402004493	0.21916609463694176	0.026744779625228615
999	1000	0.12782117812896154	0.6765958853147599	0.036013710616745166
1001	1002	0.12995118401213585	0.5243537760910675	-0.0037074565053746254
1004	1005	0.3569944999078841	0.3961825066149881	0.026793876621605924
854	855	0.16512867206892662	0.55624973108893	0.032505476348635855
857	858	0.3249819739224122	0.43984711330052645	0.0038162661824623
856	857	0.21800954054961766	0.6429938561173664	0.00587265574805825
853	854	0.1549861899052089	0.6753306632330304	0.008476361569282893
859	860	0.12726984461539387	0.6797095415911563	0.005333623831772882
1002	1003	0.1298806327663134	0.6846044007417366	0.05982584724074222
858	859	0.3128469174398432	0.24143625935152194	0.023696415743164827
855	856	0.3755653937524762	0.2871740728881064	0.03229563045584081
987	988	0.17584725854255576	0.5520815865519891	0.024079465329535813
1000	1001	0.1557744617715423	0.7015134890383236	0.03941778128739036
1003	1004	0.28155738799552654	0.5728274590113595	0.03317752697640519
860	861	0.3691937086683191	0.352988837008926	-0.005580260027231424
861	862	0.22955092520085163	0.46491073267039873	0.05931055411876501
864	865	0.37568065749488855	0.3415796072301285	0.011070705926306577
803	804	0.03097509387816064	0.8879410204701379	0.021077831830876918
1006	1007	0.1316862115185968	0.7505644890360058	-0.0034690727864461982
802	803	0.08204941325895172	0.7974876072522735	0.019496393940235928
891	892	0.5263161869635374	0.2330337927310724	-0.0010375907245644342
1007	1008	0.16045595769531187	0.45072872332370245	0.006047770107371166
863	864	0.2745907904331065	0.4278987840572399	7.564623459853197e-05
804	805	0.3205686333042119	0.30519376572675044	0.020737486123402215
1005	1006	0.12620498393870724	0.41471197208948796	0.08198598532051915
890	891	0.17746834011083604	0.6066239811103995	0.07695255260942425
808	809	0.4682771793270306	0.2908086426089411	0.0057544453347547955
893	894	0.18697424620201372	0.6458041721167133	0.04705098661830982
1012	1013	0.09967410975348244	0.6214681287570463	0.015526245135649278
809	810	0.5396845436020408	0.2646651131053423	0.05470363727532363
892	893	0.2926334199166703	0.4630874521112085	0.033981771815451096
1014	1015	0.08768344695488926	0.7441944365075109	0.032965087675227246
1009	1010	0.18692021403423098	0.4578293145294587	0.009953791884072333
806	807	0.299230274792434	0.42308851983329054	-0.011237396405858184
807	808	0.10939199421630541	0.5452603163506341	0.10451855061110601
1011	1012	0.12216461783339845	0.7709772407748999	0.01188938124364584
1008	1009	0.25929490849326015	0.5410930052651793	0.055683036819953485
805	806	0.31851638673449945	0.3452465987117902	0.023083333466718498
1010	1011	0.1886681901060424	0.4088000974585381	-0.0012394928316520832
896	897	0.3567232129879129	0.4066066892025686	0.039472263118796806
894	895	0.04500517366332345	0.9099539127070804	0.010934436902183209
1021	1022	0.5006829062736522	0.2162874785743301	0.061342498868362044
1016	1017	0.3417724507318095	0.10046371823264266	-0.008853751025389506
898	899	0.15394618040341684	0.6136997239949207	0.01716550110480155
1015	1016	0.1662373580715264	0.6642274927509423	-0.0029848406725539317
1023	1024	0.214553200152716	0.5690802680005426	0.024416742399148414
1018	1019	0.19839268161777993	0.5391306454887911	0.022322338352316385
1020	1021	0.17698725089106193	0.6879783339391876	0.06239280678223878
899	900	0.22936734068059392	0.12549121539351182	0.02875373171766442
901	902	0.15870810648227704	0.6115191009539857	0.06455820971164825
1022	1023	0.23556569816766043	0.6288182516766443	0.015669890895429466
900	901	0.4474807451649904	0.1290001975052174	0.11295492491074714
1025	1026	0.25460951154376665	0.4012590779103814	0.004071270959978354
904	905	0.3143264747007549	0.45117098004885725	0.03632056034935482
1031	1032	0.3190735453875038	0.26788017013194504	0.012416976366842122
905	906	0.4579285715735226	0.2993678117157406	0.08998103719112083
1027	1028	0.2634834305310043	0.6338631962174985	-0.006720107109582176
1024	1025	0.2566911284088226	0.3038466732072306	0.04401792253720374
1032	1033	0.38927319133886923	0.44419739266627795	-0.018729142977264326
902	903	0.46631590636769615	0.4096478471559998	0.03431474874432452
1033	1034	0.20286333280912625	0.4085814826614135	0.1382698102572551
1028	1029	0.14013659486933366	0.6241699924363713	0.01905506047887074
1026	1027	0.29401368277906903	0.15843844968114087	0.03951828321087339
1030	1031	0.4431917786327456	0.2229414935152578	-0.011202435461734266
903	904	0.1669832512209281	0.6393444821178316	0.08224652270418781
912	913	0.27853914452399847	0.5678973137263368	0.08493358279073314
1035	1036	0.4038754950039397	0.21089857457625202	0.05855264248017036
910	911	0.31734518951581836	0.4076168095573329	0.04697338691937938
1039	1040	0.25121972674915	0.3629013897291504	0.05287504878963809
909	910	0.24489332034711916	0.4875171436653081	0.025264052175902107
1040	1041	0.22666217060531413	0.5322295298852115	0.011851268727291229
1038	1039	0.37868855955764286	0.4194853850138867	0.007841529858786524
911	912	0.13925993289975935	0.6818411978119319	0.01718353444095697
908	909	0.3812816654440306	0.17458254409945498	0.009740300161168475
907	908	0.029985477105426553	0.847305178778482	0.013964569392295052
1037	1038	0.19999412844755052	0.5519326457517837	-0.010302185887868782
906	907	0.1684411029067291	0.22834853338194844	0.09988096669077706
1036	1037	0.17657320243987748	0.7270365836262954	0.007011131752808927
1034	1035	0.4623147342684553	0.13427674503561934	0.11289241081845217
872	873	0.32936701233622184	0.44045218838451655	0.04996731820290368
867	868	0.08854649478103568	0.7382172843531674	0.028800141456076494
914	915	0.45984885828820504	0.08818342930378899	0.04055043119267027
871	872	0.13911528260546968	0.7969940000972996	0.03024169935307451
917	918	0.11013813304122458	0.7749714515073752	0.012122863724098008
694	695	0.18880602107204708	0.33387480746833187	0.13981045350025162
868	869	0.25247966808146527	0.3781968969829381	0.01613305549363138
1041	1042	0.2919428980011293	0.47168515277750556	0.03983719257798578
915	916	0.32136965910694465	0.44060058614165853	0.04748205138692835
916	917	0.2536940980572413	0.5971995969117668	0.02581333214632435
1042	1043	0.0643469400890049	0.8096792958597622	0.006424501903394813
661	662	0.2610902357689163	0.5560259640257714	0.05058700344482828
699	700	0.6167339013616565	0.27445380588091983	0.027521994906680933
702	703	0.26473748893368304	0.1697336251063801	0.010560073290803138
696	697	0.10343178580540645	0.5114101602717037	0.016361367593175406
704	705	0.20100573256685686	0.18206889160893922	0.06742359070387964
662	663	0.18213265836940934	0.48363150618480216	0.05788280484923144
664	665	0.287094079635961	0.36765861933948796	0.009377271025568852
695	696	0.08599447849046032	0.7650683577539085	0.004039645272968701
701	702	0.3745768810536758	0.35216755997926585	0.0011421878955986103
700	701	0.3981978216915468	0.33367135626559	0.04384151436176156
663	664	0.32306923333864135	0.5128072996115562	0.030743066918727417
697	698	0.49403216005489453	0.11674005799252846	0.08011506559936112
882	883	0.3012032249459893	0.48359589046909307	0.02018838746171057
880	881	0.13737734657457515	0.3190202823993596	0.013057868548042324
877	878	0.10863684610732958	0.6843966302518101	0.025474246666027472
874	875	0.23421054344369657	0.5599991236791798	-0.003017875965683396
885	886	0.14093250530678167	0.7223976023456211	0.006938875306638151
875	876	0.10615563194632614	0.8091196176527538	0.009999427753018921
876	877	0.19801609189099706	0.5925098897137392	0.010135747053583343
883	884	0.3462079134767724	0.4709872432521033	0.023987128643494764
873	874	0.21543035309912886	0.6468067193807475	0.014078850556996952
884	885	0.31691110060912403	0.3913424356358718	0.035001949947797
881	882	0.29644524139865935	0.3603510038967371	-0.007990046655727584
878	879	0.3501018176452371	0.5025077622220532	0.07124329574890781
879	880	0.19013721459602265	0.683624283531582	0.036910725980543735
376	377	0.08937615955802933	0.8225787022383307	0.02466547786540773
373	374	0.3568581362062134	0.4410771055246814	0.04258758539444739
371	372	0.14425675519690934	0.4386704724829066	0.30455341801685865
370	371	0.09186625486564957	0.5512979695592922	0.052110097417737394
378	379	0.33382890557263994	0.2960737981704655	0.035995555793893116
372	373	0.45549535305711164	0.13333750845754466	0.07783186307466392
377	378	0.17369165372383474	0.5797066970945793	0.0016165748731141912
888	889	0.29124188152365005	0.3300263911241351	-0.007546305205886859
889	890	0.13694477220051438	0.6891490047514038	-0.00901537325042109
379	380	0.1773456205395401	0.5334097761181474	0.023495797430032814
886	887	0.2882603278259776	0.39839103473629967	0.004348005206135437
374	375	0.5352396100063366	0.276137603605773	0.023159727318037046
299	300	0.15485082240667605	0.6302311683523083	0.02869556403946947
380	381	0.13916866870767808	0.5490776053134695	0.0679370100201235
303	304	0.21244779557662807	0.6841890908471514	0.005169270110844134
294	295	0.18068039178523887	0.5376249404853433	-0.005490082850102173
297	298	0.2494084559439908	0.6011435654798286	0.05954629420879759
296	297	0.10554145959301629	0.7390936331916472	-0.0002497535268904151
298	299	0.407506196517952	0.19511491165811426	-0.0023500876725456163
301	302	0.3857180261059612	0.2924730265332977	0.025431993616416192
293	294	0.31884278223349166	0.36780934507668944	0.1582664720168955
302	303	0.323478113217553	0.4628391648632547	0.06518042287337954
304	305	0.24435767146481574	0.5847203564240271	0.04770107762024327
295	296	0.48079243226605883	0.2598875415759606	0.0031110745618300253
305	306	0.40779896210809574	0.15670862275826478	0.2576777034424484
311	312	0.23293836475623983	0.6258261800768157	0.02825397619649394
315	316	0.17259390376327585	0.04665303358182799	0.062203525948281345
316	317	0.1969339204549376	0.6570596922773568	0.0096072254492289
309	310	0.3651356379693215	0.3104347690038393	0.056397460175145006
310	311	0.20170189214783263	0.5795530395447257	0.0021593666884757983
292	293	0.40941639910871974	0.46585926080888235	0.020702265213685875
313	314	0.41658856449042825	0.21266767512239004	0.05377043310629492
314	315	0.5996840237458647	0.143197121667194	0.05160222389461202
307	308	0.29586656712142634	0.6409111680183244	0.04558797971105714
318	319	0.20072021745373567	0.6430820631080485	0.006666555981640202
306	307	0.19019821944180784	0.3863827115384868	0.006944124968712665
308	309	0.41545325029445984	0.3854075035844233	0.031110261923934686
1045	1046	0.13498745662789155	0.6403613864639858	0.10743330334132371
324	325	0.31808414822727826	0.13246526013863977	0.04572268669405175
1047	1048	0.3280591688970812	0.6327980285959914	0.005836521112074649
321	322	0.41075815701826396	0.2488643069157788	0.05203547667494963
1043	1044	0.1654864161688904	0.5697091704488884	0.037349482716121596
323	324	0.22452704082373962	0.05218692913865253	0.0710803881183235
1046	1047	0.09007126892905881	0.6535422790604659	0.025897126604296865
325	326	0.32452011672064185	0.5143772149060456	0.06948418760416356
319	320	0.21097644451516986	0.6277233906572368	0.048032429445211286
1048	1049	0.2730148475705921	0.2002202305000017	0.02549805681987903
1044	1045	0.34141144911399096	0.30688914610665713	0.032812407879307066
322	323	0.17556302130079546	0.6920317876052061	0.0036266426903767586
320	321	0.24502639498205145	0.45908761891505084	0.052543804319153405
326	327	0.2680863940422724	0.4902013408687517	-0.0005033608101739952
331	332	0.26949426068694365	0.25189580642027576	0.09455718722965407
1051	1052	0.25500329676968436	0.4562202212759389	0.08969443576643515
327	328	0.4331648447399027	0.3317907829486579	0.029803190516403504
1052	1053	0.2266758679248814	0.3405396138381088	0.06292456210257322
1050	1051	0.17059340850001473	0.31272950522299564	0.00018341116277484533
330	331	0.28886764572478935	0.4269654908007846	0.02573273347432701
332	333	0.2612118101892287	0.3736099693656944	0.04028163455254083
1049	1050	0.16086405747080215	0.7320585908504601	0.014866902415685637
1055	1056	0.4049363147108507	0.2593702330457541	0.039813381372595984
1053	1054	0.19340691588096992	0.6387071100494248	-0.00022081978930248592
1054	1055	0.34269914694095666	0.09451464860159291	0.018487856374510732
1057	1058	0.3623302596036243	0.3643932244125995	0.0006844170430326518
333	334	0.3101767499389201	0.46132066212518613	0.04522071324608905
1056	1057	0.2344243636647681	0.5572540361277308	-0.012164414608864806
1064	1065	0.30811451963634506	0.39208176716250775	0.01030102977213701
334	335	0.22446940289696052	0.6617824061131535	0.022882494611165476
920	921	0.18058469399593485	0.47914282287765136	0.10388444070303321
1058	1059	0.4257545211162137	0.18048930879490024	0.020171635711812724
1063	1064	0.3121415477757825	0.23433192373408784	0.008377858890589942
1061	1062	0.1584843483040109	0.7918870919589043	0.0006343573663341569
923	924	0.25292042434438566	0.2611083762970286	0.05550056871531254
1059	1060	0.16375923656280053	0.6561125037316515	0.039345827537275654
922	923	0.42154963754682806	0.15000960201993718	0.1273403544729216
1060	1061	0.1078795030760305	0.6242737767242185	0.02301022495176282
1065	1066	0.23033426997486234	0.5894200102275932	-0.005777003380999032
921	922	0.3379506774434589	0.5092556868082035	0.1026535205251352
924	925	0.019219426463497634	0.7473833132168164	0.04474526259302804
755	756	0.3844871162086079	0.17534048486595502	0.08947095234302026
762	763	0.10593792195239041	0.6052663975419686	0.05914018191637188
754	755	0.20104864258911367	0.6351429457315309	0.09817745403201517
1062	1063	0.17675095449518052	0.6563144843222426	0.06047739234771854
760	761	0.30165179189720576	0.46754176339178777	0.03879956194540259
291	292	0.17263107692504767	0.5136642302393385	0.0050635916883185654
753	754	0.34947541430761137	0.2945143735891655	0.0207127438450309
758	759	0.09834128132313759	0.6923917822799773	0.025880739502545415
769	770	0.30990545369534045	0.40868852745404666	0.07414290790215763
761	762	0.17021013965736553	0.52100756915699	0.06630223809788785
770	771	0.38311213360608787	0.21920895109927552	0.23741075111943133
767	768	0.3246590122333372	0.49012112793527673	0.07111272666559865
774	775	0.1406855393777688	0.2076468671306982	0.07071264690912712
772	773	0.41611599112956166	0.25328500554088335	0.011828233444850976
764	765	0.07171440207350657	0.7740497423513398	0.009112321233869503
766	767	0.31313723913355096	0.2791114935321742	0.06178568359370866
771	772	0.11318118992235263	0.7641664381558689	0.04846224219761589
765	766	0.321995643983263	0.3585369174755246	0.017161227046408874
781	782	0.266316316922466	0.03977024046087485	-0.013823199554190403
782	783	0.2323497873120427	0.640532019471262	0.056402724290769674
783	784	0.14059760725584688	0.5873346320580923	0.02358332743974766
784	785	0.0801934542307268	0.6538624512913297	0.07109813144960042
791	792	0.4374599794602558	0.2454300142641319	0.02701281339990154
786	787	0.08137467279031442	0.8360883692406961	0.02839244203577644
790	791	0.2219429148309223	0.7085054076378522	0.0032187806948972292
780	781	0.14334572947521335	0.6198076749485741	0.05995324928156957
779	780	0.16638374697851332	0.6323277477759527	0.1540385361188164
787	788	0.21807216958839745	0.6341832763368259	0.03434806187946509
788	789	0.10372108595750015	0.8366252556750335	0.045488018991647894
711	712	0.40366189095229765	0.1451685320188558	0.06529429985825866
707	708	0.40487568522946726	0.35912242662485194	0.027193079917512436
705	706	0.19418209007469156	0.1964416853555925	-0.0065906389384541575
667	668	0.28062691737238943	0.6396359244191312	0.0011948155630627198
670	671	0.029868012302404573	0.9303410266674582	0.030274457966132182
666	667	0.2673040953124006	0.5435421260830432	0.0615940165657244
665	666	0.17327016981535767	0.5435937400172703	0.11023630169839055
668	669	0.11394850908383092	0.7935602972630589	-0.0002960850600108103
709	710	0.46843287930917804	0.254631737136367	0.0020887695750856777
706	707	0.34180831798973466	0.1336476852209292	0.09408972511559485
708	709	0.13098302319430213	0.7228052004066821	0.07754336612428
793	794	0.02901292342823486	0.15759239787183899	-0.004256278783571654
405	406	0.30813615120363685	0.4421342293224414	0.14445557030354975
455	456	0.10084836737758673	0.8285966832518578	0.03383740372945117
406	407	0.3501975604494558	0.4054189068972605	0.03225848215423973
458	459	0.3757306070092927	0.4701002717776442	0.043406381249969414
443	444	0.5550644317296157	0.30215243774456374	0.034654989934766164
446	447	0.1333702700736141	0.7714688599705471	0.01219712445337677
445	446	0.2571276405652707	0.15103971599307286	0.019799244026793554
457	458	0.168881268035431	0.730505392076561	0.02403725881808431
459	460	0.25512367533125935	0.34583961030402927	0.1246727932828714
456	457	0.4127223043845335	0.2605239724190545	0.06293370804494446
453	454	0.18909362980035252	0.5704930828274184	0.034595084675751696
454	455	0.2050442626707766	0.5788258140157543	0.06708734429094543
461	462	0.20451627044774662	0.6793366215254302	0.031009402652526687
460	461	0.3036012392579216	0.45092322085843356	0.027972047508486073
464	465	0.5017589773082771	0.3941433006612016	0.013802726855351687
447	448	0.10938560612286774	0.6674276099911658	0.016825513413874178
433	434	0.08069268365501027	0.140300724666522	0.07561567014832211
462	463	0.3129003001577761	0.46723203821192516	0.003941871638677262
431	432	0.37426160281901727	0.4318246739378697	0.05784833123795626
432	433	0.14257443399572803	0.7059198507283767	0.073220336726684
448	449	0.1722859789273339	0.507589773647985	0.02847489455594946
451	452	0.21357243118178187	0.7102950365006405	0.0351124034676886
449	450	0.1317459532478767	0.10013509302685755	0.006733574826619297
450	451	0.34573633790995456	0.48691875009412117	0.03593786937726237
463	464	0.20229997646848205	0.6730096482989774	0.0032712603923859968
364	365	0.17082882352824008	0.4316874100529525	0.009731808305362188
438	439	0.17886062481124718	0.5871201535092745	0.01878097090955203
437	438	0.19379056059665017	0.6245017754626648	0.03194171048330838
436	437	0.10315000580928133	0.21850754074395037	0.4904301328810227
367	368	0.18910544676173846	0.537407154177637	0.029914556418312782
365	366	0.21627308445154092	0.6529707667445026	0.06083287202744394
363	364	0.22216122358958765	0.6136224308798645	0.0017224016170187643
361	362	0.40296140966104543	0.2519363588678376	0.014299212576776008
360	361	0.13954377177290184	0.6740659213231451	0.03755636973013389
439	440	0.5107827447264109	0.19806883012224538	0.04745235855861866
366	367	0.3914522615689115	0.2667841193277887	-0.002007922209494896
434	435	0.26916556924910506	0.49044874982490244	0.02354196907575092
435	436	0.21259703451041861	0.1831876159491322	0.024400169776299885
428	429	0.3372885655471248	0.35639114468070426	0.07647024299752543
357	358	0.2169433287147998	0.5329186652679647	0.012102435976634912
356	357	0.21867741519517528	0.5878857616891714	0.005149132015146928
423	424	0.08622101680281001	0.8161286719724306	0.0017533161701780396
424	425	0.07869980831735184	0.8156893361689843	0.01127139415420823
422	423	0.047888036229315215	0.7549536318977106	-0.0003327259451878523
429	430	0.6995346270120222	0.01266499606340505	0.08123935073392739
359	360	0.266765850214581	0.1691799622111957	-0.006160840796175956
441	442	0.27069572091454935	0.659170956216976	0.006229933676158534
425	426	0.29004141462603433	0.5448812829323254	0.025569421012250196
358	359	0.2024427731813109	0.5751803057174264	-0.009947738791832505
426	427	0.3265741553420084	0.31631183061873863	0.05499136747230494
394	395	0.5190295425870298	0.0034840702357438556	0.10104729077730484
419	420	0.22669825241749236	0.6886741071797132	-0.010687289452220864
417	418	0.25804858833989497	0.472344211168637	0.044258647115611685
396	397	0.1580324469106829	0.6597007358971502	-0.00912663399889482
442	443	0.45273653972989647	0.23821355407567146	0.03288219451147155
416	417	0.17827806229227564	0.23314946447003185	0.01908033158868882
415	416	0.45508247629821774	0.21310187999767488	0.010383041264725714
395	396	0.3148634821438936	0.4318291152269229	0.11734424213857417
368	369	0.21668881149982105	0.5305750260915032	0.012523717712922369
1072	1073	0.41914341304833125	0.20747448325439646	0.18637342113658587
398	399	0.28178271797060456	0.44720854088222034	0.07013914403850252
399	400	0.14961632997458896	0.7021029500764951	0.009497426085404666
1073	1074	0.2927779530096435	0.4321600628994013	0.0029244649350818348
387	388	0.12963751402199253	0.793895671694785	-0.00535605076728982
400	401	0.46238490365041585	0.32573992880162034	0.030192692997841417
390	391	0.28729778934461736	0.31900232955528	0.0003160917437468255
410	411	0.14257253126705743	0.7262748411747352	0.022018248645608383
347	348	0.20752212114805182	0.6569356999555468	0.031750604279674424
1071	1072	0.1409404778098384	0.6432575660758308	0.02071620322288015
389	390	0.1264224833271425	0.7178141748257635	0.014607771812628973
402	403	0.12107867264119646	0.7727057570933555	0.02169640513528483
413	414	0.35835320031456513	0.2887276914297806	-0.005500532446945781
412	413	0.26848109395065906	0.3292428410236573	-0.0070394426882122284
414	415	0.1489412970883896	0.5431191634260634	0.09786507219083176
403	404	0.17969932751584414	0.5906393072144732	0.04545676560630615
1070	1071	0.2906975999996717	0.3889343649708654	0.0581743208061722
494	495	0.25666367087773034	0.4690037703754454	0.0030123981598659984
498	499	0.16938585075019022	0.6788618803694207	0.04346601139234109
409	410	0.29680650331704755	0.4508983054343666	-0.0021696258167902705
497	498	0.46800668983440147	0.2218044597482168	0.08852528011828985
411	412	0.3655397947646086	0.3499869693954872	0.03552162309372285
329	330	0.3054209200503028	0.37859663997862725	-0.001057239914740651
404	405	0.23097832470644838	0.5771770867270912	0.032996407002046924
335	336	0.2755858201908804	0.2666731141505284	0.018194905765375247
328	329	0.5243009586678521	0.15252004706581376	0.2541355438617541
1066	1067	0.04538070765934864	0.8776007935723713	0.006501312566362183
488	489	0.4368146008789971	0.1466049730724071	0.0773661055650255
490	491	0.36726639445525666	0.17740841774104166	0.18731754720219712
421	422	0.27782888688500285	0.41717355929778166	0.107678227635036
339	340	0.4215636360969861	0.20278989560660507	0.024748953036193965
337	338	0.501080786305499	0.18808966419129203	0.01263623000297282
486	487	0.06257141731378975	0.6953344198143039	0.007919409764529723
338	339	0.39411901641966174	0.36482494336376753	0.008405712722901899
420	421	0.03240718863576922	0.8707400637756155	-0.006642301843266587
487	488	0.17570169266567653	0.5116728733997522	0.000886456941255661
340	341	0.299722540662554	0.5847274819067573	0.017851518871601385
489	490	0.10276319488352054	0.7704645316556236	0.025597790396848594
552	553	0.23980951182987376	0.46612838343760943	0.008850588441409561
348	349	0.2975832233673453	0.4571566513680942	-0.0003896836875562175
391	392	0.35451285951136635	0.2724979310250598	0.055990408178004596
485	486	0.2274468905306024	0.6254182773696382	-0.00025367953343218355
554	555	0.12218459951066742	0.8219165246652383	-0.0017481953165673844
866	867	0.2261131332392814	0.5133405102864599	0.05254033218229814
393	394	0.4387637556584158	0.17871701011776486	0.01997795077379178
752	753	0.13390623838948407	0.6687017483370442	-0.018682728210725613
558	559	0.20310514028594603	0.48962828875587305	0.005008963254007877
493	494	0.42671512801285993	0.31923163591202597	0.10814028822005838
561	562	0.180881094275764	0.6520549669950754	-0.0067896670838945745
503	504	0.26471335364678406	0.43812252974631594	0.07994250077988976
562	563	0.3255158470760306	0.4034822230404815	0.028017702855712548
392	393	0.21487246822856446	0.5882214455304295	-0.017324082377159964
517	518	0.30480959803423757	0.43021026951338404	-0.003356989491017596
98	98	0.19170759844954652	0.5817700578753983	0.006315152364379795
407	408	0.36358234175752857	0.28016953581495063	0.007937172129817021
515	516	0.15994517819171158	0.4907941044065426	0.03713439253834619
516	517	0.0720024244580447	0.6435571855777078	0.03456945986461082
563	564	0.06806154727681543	0.7894890781187013	0.03312797437544768
502	503	0.44320209726898224	0.22833208159350446	0.0017474683431246444
751	752	0.5116177471399316	0.0032464161734123247	0.03961094471584205
492	493	0.10600113955761449	0.6304049335520969	0.1956854759907739
671	672	0.10033234198395265	0.07227863185880262	-0.00681103469116877
716	717	0.12781032051784333	0.7520141896641748	-0.016208691112854445
678	679	0.14278518934597303	0.49343574612359653	0.06475948199202756
676	677	0.6445539835899289	0.0272472226690728	0.014308724931006336
675	676	0.17098052062277733	0.2879988575764061	-0.006739118252452568
719	720	0.1429736148034559	0.5908726075430949	0.24301437254451358
673	674	0.25204791160393436	0.5893133288796619	0.036694829920792885
715	716	0.25472383425355677	0.5862064428805922	0.033171965314286185
679	680	0.535867236140798	0.09651493211285422	0.04508053284522568
680	681	0.3818319088274734	0.24939161788066805	0.027681163461951735
677	678	0.2491435673269934	0.5251021305584528	0.1306603156303759
674	675	0.2167668023985359	0.49229483842973804	0.07214613644677838
481	482	0.19331571522942517	0.6759026366285747	0.011448668913183632
484	485	0.5878457130799261	0.18015684783534558	-0.00563317270036319
99	99	0.04817661744479006	0.7029911306743101	0.019503240727355133
482	483	0.26150825817724965	0.2889150499721064	-0.002610222507317065
381	382	0.2816505653632818	0.5122132711155211	0.008436060225365964
480	481	0.1646423871163047	0.6681569975075022	0.0008666436537829378
101	101	0.2154536300581579	0.3959957630440824	0.010574806918478143
369	370	0.21636763803460676	0.5921024989115402	0.014715989032660748
102	102	0.23222513059385905	0.5845948732694481	0.01131948090673205
478	479	0.43782537679629735	0.27856805445599153	0.00598627310748227
382	383	0.11023266324281322	0.7827698482687865	0.007303885265525362
531	532	0.3816132613334122	0.46215566047663126	0.03356102104493615
530	531	0.07693055575788077	0.18443788004121903	0.04303228171045419
105	105	0.43062714857851997	0.3573664308131562	0.05053163761442256
539	540	0.16943123765568024	0.4773587810734152	0.026801280586702364
540	541	0.2729878948906829	0.4983761447153126	0.03180685642786748
529	530	0.11394222901530394	0.768457137313822	0.06846886670903005
104	104	0.31478635460528714	0.4120411836926187	0.019922691361340145
533	534	0.1293692594943229	0.5743642844778419	0.10231623901714265
527	528	0.03330380229592726	0.8074867670852524	0.0705759232920788
528	529	0.22576222893196227	0.45594951230290887	0.007142161173270149
538	539	0.05575115388219718	0.8617496695269423	-0.000561022403516357
532	533	0.09307367851145597	0.7767359957405663	0.023000898893335172
541	542	0.3790123258145936	0.19694331378346397	0.12664851798047774
506	507	0.11579196068640833	0.7292526005031916	0.0038671438961081443
543	544	0.06721017364472572	0.24103731178475163	-0.0059075441367660506
521	522	0.563852443250709	0.2424835752744777	0.05102357975055253
536	537	0.4056675794273636	0.1864292491694043	0.09515637196453482
546	547	0.43666426724417134	0.41975385317353453	0.11168136295861154
542	543	0.44766235567257834	0.3169563214057775	0.0364342219086735
507	508	0.3061729043558533	0.46491331960196447	0.012905139780804986
535	536	0.09394976621462436	0.7589706879240434	0.07290906057484259
524	525	0.23015042576635783	0.6025027819646133	0.04684548238652669
544	545	0.08516501468955355	0.8649491316743794	0.03908507478111495
545	546	0.18092358561171365	0.47285433516315856	0.16257276235140355
534	535	0.5114725699320194	0.22127781144883862	0.15708149935151505
514	515	0.34776458675473315	0.3653978414471202	0.012514162876332842
511	512	0.15779184657555922	0.3640851120181432	0.01174264838749225
510	511	0.3329961728346007	0.3572550293895436	0.01806332783250876
512	513	0.35096336911196474	0.24200085005418315	0.11930263095076574
549	550	0.35181362543184125	0.36447984788170085	0.022916205009491236
551	552	0.5153885489950574	0.3298811403864658	0.04916154334739851
550	551	0.2383232000607906	0.5676656768975978	0.11501938354493955
509	510	0.25723657562501545	0.3918504531854374	0.017483204276376365
112	112	0.19644214984814545	0.6652284079702125	0.0059255271530272826
547	548	0.3144084737798643	0.4182556245336939	0.0023697481451263637
513	514	0.24189661808859242	0.5291632089283378	0.02819631126623487
469	470	0.30293719947576436	0.5303410739206951	0.00014789920891587587
468	469	0.1704118964461646	0.5957101234286987	0.017885926932122903
600	601	0.1725309023759104	0.5722306304709568	0.06151188639122067
467	468	0.2568226337569042	0.46797860129699637	0.006973180339026788
569	570	0.20949561096607028	0.7366586107809896	0.0010931944268549598
471	472	0.25900930782288256	0.4087967634823806	0.008959694995453939
599	600	0.29812272790178734	0.47346308766914474	0.0013316512902129965
570	571	0.20389968850050025	0.6353284506942207	-0.02550641940204353
466	467	0.16370576576870327	0.5314237619076172	0.0030668348508656766
472	473	0.5261035041359355	0.11420584491618024	0.005249812587762654
567	568	0.3154828491673912	0.4372910882244125	0.04004674487414684
525	526	0.34975786127451586	0.36868913807494924	0.2001502933344249
116	116	0.38320613055237623	0.3461903530465977	0.004032004172440033
117	117	0.19608071076264372	0.18121086737741351	0.04617427241479348
114	114	0.22069264677305916	0.6763309684791394	0.024071883301667166
571	572	0.42092173697506197	0.37372118981804064	0.0282212162728385
111	111	0.21735886914584643	0.6298348266529169	-0.00492068525842828
106	106	0.29818834100004665	0.10561188455430953	-0.00023799294728614126
473	474	0.23464149318748645	0.5543935586606046	0.015507815170279786
110	110	0.25452815917751836	0.5763756102851612	0.021150374331032756
474	475	0.15185555970660394	0.8205541834668373	0.0026302261794386023
108	108	0.17694617603596163	0.6010914643489423	0.14760340053511461
109	109	0.22280230925950473	0.2802576101385195	-0.019321965318013046
572	573	0.2046464432403723	0.6848843703412771	0.002456887854943012
621	622	0.1750894879067832	0.7281448014000119	0.011878690581697975
1074	1075	0.5944055877502951	0.22731953295865676	0.00163862866726866
573	574	0.0774017691108035	0.7691586902991709	0.0024281755371086487
605	606	0.2556437572072014	0.261886285441258	0.020308676447170274
603	604	0.10411464920264119	0.6154684703872598	0.003516409708095296
604	605	0.30316233472244986	0.13351414534393666	0.013259282061565368
1075	1076	0.3429410768257238	0.13105778444472113	0.031091903322025986
602	603	0.09670906690589084	0.693238273369194	0.13970530241724546
575	576	0.3911432458490797	0.22015910673351793	0.007202288464929925
606	607	0.32681494525823873	0.42167900131709884	0.007501786962174986
574	575	0.10276999877124668	0.694391631464672	0.03948387520046341
1076	1077	0.35748054124003187	0.4474809060360524	0.04030713184781781
548	549	0.3444246731481143	0.2739160599404589	0.03563350436459756
609	610	0.2551574296810756	0.6194254159837189	-0.0004447133248334321
613	614	0.16279938384516993	0.6497670905703858	0.011625948247190635
615	616	0.29482184203862216	0.46571426153525475	0.02601033594665661
607	608	0.33645512835163177	0.09275075932683599	-0.003983834248445027
617	618	0.4342154404753624	0.30073926036041754	0.07775621418549175
616	617	0.38574700094816317	0.35788900106496724	0.005409892904833216
614	615	0.22126686287959796	0.5647678692080307	0.017511241089832073
612	613	0.3270231238439057	0.5452877363688826	0.0012247915110682323
620	621	0.19050080180456058	0.5382725770709916	0.07250117343095934
619	620	0.26254024410058086	0.380736924763917	0.025499160148627263
608	609	0.1896171423715293	0.585581778357556	0.007232372552947405
618	619	0.1550170120491671	0.43505714086373737	0.06290242162049735
611	612	0.09526031792766815	0.7645940401725517	0.007910270655757994
610	611	0.2799596978054052	0.47457306790714077	0.06220240672917918
577	578	0.17248508402074236	0.3935732385641721	0.015267841994653027
499	500	0.42356874076493384	0.021595852177120387	0.005192012643660801
576	577	0.11059716075611827	0.7679512420870486	0.022176516126003305
508	509	0.3604453331643552	0.27349749296272097	0.018143501010577344
637	638	0.43726597271419576	0.4180466900984886	0.09071833309286739
578	579	0.1994209464219024	0.516185111596222	0.03921501960605276
623	624	0.13638479115970153	0.5974491956909814	0.0017217255409081415
638	639	0.3598712431514641	0.17858058788853176	0.04670138431816612
622	623	0.2827633248409705	0.456726266080264	-0.002723034648889771
636	637	0.09863706845551062	0.5746570813637963	0.03879907491222401
968	969	0.11975935257671406	0.6679069074229327	-0.006764481747649794
740	741	0.1740451892648972	0.684385226532266	0.06832810060846502
717	718	0.40272328175991584	0.19926086966848172	0.1218648513251249
721	722	0.15903775129306483	0.6184236063075287	0.022070887761511518
970	971	0.48352992383470833	0.12754999328347966	0.02130533148291839
743	744	0.2784932581042038	0.42294407101177406	-0.0008408093282445545
722	723	0.2824542942728826	0.5179857225195316	-0.007191263220724884
737	738	0.5313974104536935	0.07799333885032328	0.04563774681937443
971	972	0.33179437425399033	0.20089479207421548	0.04775421214131846
720	721	0.2213053131425829	0.48380483947394975	0.09564239758339683
736	737	0.5917863673505445	0.14052999627015322	0.019643121915119147
639	640	0.17504528397910513	0.3236713375105948	0.3407694103146864
648	649	0.38841708337662945	0.20488370612038187	0.04347318653287649
526	527	0.201132545035162	0.6168779564105021	0.01677624884799539
650	651	0.17005199296857235	0.6731040088576672	0.010388466145806755
579	580	0.3707550540251402	0.25916004947833116	0.02146013661125025
645	646	0.37139571389297854	0.4155579335868408	0.0950155833855382
651	652	0.3449752722174559	0.27973294926843156	0.04362969517732617
646	647	0.20024425649625108	0.5266756154936941	0.10705249192731121
640	641	0.22048410231526672	0.5416491966892534	0.03425423178224016
647	648	0.2802952539712121	0.49999732207100855	0.0015843960574582136
641	642	0.3437767122292938	0.13264230667956486	0.002924065261471873
649	650	0.12589683671247945	0.7172498870082674	-0.0028930862064687774
580	581	0.22247425951170707	0.39250631183581863	0.12124479252128502
587	588	0.22989138294651615	0.5688851019990298	0.05385022739963739
586	587	0.18375319964354553	0.697762177474692	0.008500604129135505
644	645	0.4258212771098135	0.12452662028990666	0.09167678796035676
581	582	0.08257746706292983	0.6841021187670725	0.014605391072198538
588	589	0.16470895201643185	0.6925877058083929	0.022337195901078556
625	626	0.055356287848372196	0.769549923716803	-0.004464985270502667
585	586	0.38226463697373864	0.12223229402727478	-0.01937619679218306
582	583	0.30608052597227925	0.28674944215770704	0.023897414498702294
583	584	0.3532731957701698	0.2054564019684115	0.004766368267300093
589	590	0.29906292506031223	0.5654050895607248	0.007974021109241012
624	625	0.2163712285433953	0.7213156465370166	-0.011773725288744707
635	636	0.23421847402441887	0.6062559328163544	-0.008040807250547743
595	596	0.3357088238352211	0.2233577695862547	0.13282986695323865
627	628	0.029485408553807144	0.8701378758500918	0.012090469803320483
594	595	0.1962982190550612	0.6073989815851172	0.030456558968601735
592	593	0.40830432773073805	0.10257892692187082	0.017451055553800995
628	629	0.22576255963903813	0.515201563374421	0.005793832160825843
629	630	0.3251378064850631	0.43154089410992347	-0.0004688967424190645
344	345	0.3639767680946902	0.19930777073121214	-0.0058677307804617645
630	631	0.22694876248083556	0.5724486769761867	0.005592523993760125
626	627	0.13976627045425766	0.7222208096283413	0.03576784762332266
591	592	0.26513538106128753	0.6107422814356241	0.03769870724208672
345	346	0.3741047681878614	0.1912191240055327	0.022563139523007744
52	52	0.38344187058050905	0.38579014439865494	0.020820668715834663
351	352	0.07391240432899399	0.14609453705594852	0.0638318406558436
653	654	0.40574975990711176	0.18024824768155945	0.08117755430438835
385	386	0.13644118557720922	0.7395897041505618	0.012719598521622346
659	660	0.23446379693574404	0.5957915706766743	0.029717224586885294
353	354	0.40159806102569523	0.3578630263482051	0.03833741328659526
386	387	0.15561970023898813	0.8015919237524117	0.017877637537039467
354	355	0.4170432229663199	0.21265192123125795	0.008110678292092888
658	659	0.20456789563766645	0.7700422053571623	-0.0030227599648719426
657	658	0.4512465840631467	0.20677201790817198	0.019432288322916352
655	656	0.5105729977904229	0.2847601945343853	0.015618687891195264
346	347	0.34360906267338076	0.34729825475560494	0.02118237510741974
350	351	0.2600445714023103	0.6474274376914954	-0.006458601330626753
654	655	0.17362324831083725	0.578402282995301	0.0089706835368812
660	661	0.209167275337711	0.48218437303021033	-0.0033534351986277775
352	353	0.28925545648576206	0.5266658848675142	0.010029126930392051
40	40	0.4100102850306897	0.3075127697414764	0.02636312832865408
633	634	0.21154837403800553	0.4976616488269292	0.016988083735228886
39	39	0.32041616109749826	0.36355937333088034	0.04208799382094823
465	466	0.3765264145004214	0.2615803476025625	0.049013327937761086
597	598	0.2616284503254404	0.4441330148289185	0.02021799863764117
596	597	0.16715975479962786	0.6733860885050195	0.008864329214257581
43	43	0.12926769402938043	0.7369570421407253	0.008592947791775832
349	350	0.10347754325429259	0.7542100138983918	0.05651042215029027
41	41	0.24931784656032724	0.6024929112311046	0.028337032854190404
113	113	0.19796852804385856	0.1617229858499235	-0.018298313892483598
42	42	0.39606435109677407	0.3804590637231802	0.034742229341274446
57	57	0.23705253180450186	0.48192306510908756	0.013424735828075534
50	50	0.41411542050913885	0.454572942849977	0.04709148910266832
89	89	0.30895334108787464	0.43653462448991504	0.02186968194066608
92	92	0.30451621617139396	0.16544614840167962	0.13408931456435427
93	93	0.2880348839037977	0.414139870694016	0.056973506411673466
47	47	0.11861303390467928	0.636593299450857	-0.011352260662792171
51	51	0.20908039079177784	0.5083842248761756	0.016213850028535294
58	58	0.11156071881806225	0.5447954316207072	0.06291954346765614
75	75	0.11843579050361824	0.6715891622079397	0.03851694782537897
53	53	0.23314254562360995	0.5345289558784709	0.018785304134499532
48	48	0.03041751924756577	0.8633630208059395	0.057456038550874625
90	90	0.07605734034699076	0.7631459361509504	0.03892264523606405
91	91	0.3671800285415422	0.4718771438463377	0.010186176508753347
63	63	0.3499883625211687	0.39368931700356874	0.05496359086502135
55	55	0.29710355379372066	0.35925673136988984	0.1622103430664389
96	96	0.2891168450822889	0.2979034822377406	0.009810060572477068
276	277	0.2762231904023626	0.5583087337565571	0.009170374209157112
95	95	0.22589227561218178	0.2553312029169979	-0.00511638987270692
54	54	0.12558059371241082	0.6471021145177732	0.039321924416497005
286	287	0.17305027481741464	0.6519779393075624	-0.00340385940266985
64	64	0.26959272319614597	0.5218955505546315	0.024839996683864864
97	97	0.23743027566206734	0.39592989532347467	0.06166369727707776
1077	1078	0.052558452773107535	0.8365486527441346	-0.013273198038145397
60	60	0.1789376692794613	0.5506082352685601	0.07475985458499645
61	61	0.46102542562802995	0.25244948567251474	0.10796903256126472
56	56	0.34758635642632496	0.2234402526950674	-0.007877962615645554
71	71	0.44495052231515186	0.1252859987890376	0.04488462543106216
88	88	0.11603034692643181	0.14796035069598673	-0.0015137614457979504
1079	1080	0.4355459096139915	0.4466408154683752	0.04070315140860198
287	288	0.08979029002461092	0.7922658000621735	0.04209811269624799
86	86	0.15014744636656766	0.6652812516200367	-0.005506442813695141
72	72	0.2971111234021669	0.33438777779597323	0.20441351848479533
70	70	0.24601416240274027	0.5617108707660816	0.1262187926343623
163	163	0.13769194434576798	0.7803991625457037	0.020774333826274787
87	87	0.25504448497952475	0.6063890004897577	0.09482588379276585
1078	1079	0.21093930391161858	0.5700988539639322	0.00818909470115959
85	85	0.19847760664286945	0.7437539000274997	0.03222328144381191
1080	1081	0.29721343183190324	0.37144042837147767	0.03672580096864099
84	84	0.39236006307556026	0.5588367330936358	0.005181558359647988
1081	1082	0.25186879292846664	0.5168743024429893	0.05054948686488755
169	170	0.12170293051079704	0.5499715832312461	0.00023322149270829325
167	168	0.2585134466624868	0.4788218588391332	0.003389430950894761
164	165	0.2156827947088859	0.5166083731298473	0.0668451466001708
168	169	0.24267662688579694	0.48977821231071034	0.013130298568994815
154	154	0.18361662941886156	0.7705186264833302	0.011359820890480522
166	167	0.12044892083399102	0.5772809306726236	0.0035937140646003576
175	176	0.4228143003810103	0.14659428625516088	0.0048999344993846256
170	171	0.22293111275011546	0.5520761674433764	0.02465157324617842
171	172	0.27789799262391723	0.49088116720227226	-0.004422741428305826
172	173	0.3515553724983748	0.34607607541411683	0.09043434523023093
173	174	0.14781087056502995	0.6282195964760422	0.013395366498185297
165	166	0.05006876093490706	0.7441108949921938	0.025624171727152898
156	156	0.3357920633105964	0.4148005184060166	0.008383099211013604
142	142	0.4000849264664314	0.11923360399136489	0.2060131324317356
28	28	0.10263339132087135	0.2121821570421603	-0.005629493191797308
134	134	0.10780554241684506	0.7424496082916819	0.013530229350440598
140	140	0.2121744349623717	0.5434561541109867	0.11664239212673717
138	138	0.5157298836900207	0.14168235405471663	0.04050303430256312
141	141	0.41311343582588717	0.25917731042311865	0.14393345183596842
137	137	0.45270888784442265	0.17779496385247168	0.07564957556749763
139	139	0.25678004949282474	0.4818624018871545	0.03555337678998832
598	599	0.0812209870307973	0.7798271750625252	0.006288155633030539
25	25	0.2472865081238191	0.5942934197282479	0.009280485261230766
46	46	0.2833735865683268	0.4656979338794629	0.03708588031202238
972	973	0.5747755292682902	0.27969144612949653	0.01616569150230663
975	976	0.4846832672529125	0.10715051304193719	0.01846802219691936
976	977	0.26998781308749936	0.4616527442653121	0.030319150499260636
977	978	0.2327071694732997	0.5853873446186518	-0.0028628310136096166
726	727	0.21290045089607332	0.4697301817883757	0.027067240268625052
978	979	0.0674651076873542	0.8561616894795104	-0.0028269709663558233
974	975	0.18622110739884795	0.47368000480285705	0.060991774819716245
724	725	0.1550128533797741	0.5934397396369053	0.020802107814904963
973	974	0.34227027738240634	0.29230239635277394	0.012352184226104013
725	726	0.12876528636276574	0.7180259751602809	0.012649959234514771
714	715	0.22859070411772103	0.48556644586774306	0.01976181488038158
979	980	0.1435739958248192	0.5622062459616766	-0.006706322496288795
969	970	0.2796228316206692	0.5459036157914872	0.01431897587815692
723	724	0.378613863820243	0.269107056807439	0.007724917933348736
177	178	0.08212272012691077	0.7401361334220988	0.004012166995049936
144	144	0.398550603919064	0.3990962565881922	-0.004396144536634391
148	148	0.45584518396618107	0.25426171126046354	0.08021944778788484
179	180	0.17103429125371178	0.5808876698019039	0.03768103021411981
151	151	0.1788127796422281	0.43469780667458374	0.10606582037797896
150	150	0.2237130975524397	0.5358081413963955	0.03586707650606964
147	147	0.42017977382134614	0.311486203782452	0.010984760266933673
176	177	0.24586845848202749	0.36027071118580317	-0.008876435293406398
149	149	0.3452573338618285	0.2602003738610753	0.12816167949546103
178	179	0.20011594443711403	0.5861467270123492	0.043696408566736865
153	153	0.09199283129195264	0.7633898655646845	0.04666646472212964
145	145	0.2983305131960151	0.414569328227701	-0.003993256984627125
152	152	0.31290766039906304	0.43713370489415304	0.053093491405643185
146	146	0.2678036869297799	0.38788410458761835	0.04337771786520663
81	81	0.4303770537752011	0.3370135336546556	0.021108960264318594
76	76	0.1277430882238363	0.07263010956189167	-0.016286525623719867
288	289	0.12955324539026805	0.8317976431563849	-0.0007683666212311285
656	657	0.40198482822967674	0.20100121687911313	0.227047903047035
45	45	0.23976576781671946	0.6613013373914814	0.006859978295257162
180	181	0.22103582224087648	0.5711880055357504	0.02627029432936517
289	290	0.4028959617723423	0.29230874901889714	0.030098090878822058
82	82	0.29682476135755975	0.4003984974499227	0.020923451170605737
78	78	0.3594033936348569	0.42186776430050027	0.018976435535681607
83	83	0.40764732046374347	0.30962048944483106	0.1571233315709274
355	356	0.04683105307917431	0.7600425054721489	0.04363476527958658
79	79	0.3112391049183178	0.45493799662107476	0.05485421060425573
77	77	0.1929444188678084	0.560962584178014	-0.012066559196499092
283	284	0.09890628051713701	0.6968314441532943	0.06041650857057619
281	282	0.4431597725997212	0.4134603318156394	0.0216319567537357
69	69	0.14006253374870492	0.3778271066808127	0.033495770337660796
290	291	0.24927565077114325	0.5128568439563888	0.022589553634940536
278	279	0.2069252591335364	0.5623841877301887	0.06470735287590496
282	283	0.3213110552090064	0.46151620072173827	0.04570712032402145
65	65	0.4463906271722456	0.29426142617466045	-0.0019236936188005843
284	285	0.2906822032126608	0.38146174830746116	-0.007744293996729636
280	281	0.06547754473410924	0.7811739651130258	0.0013268403916607604
44	44	0.37872507215692863	0.3688480293464759	-0.0008606857454189886
181	182	0.38090521794052234	0.12579271329407818	0.025515761414612037
66	66	0.29019087034380664	0.5225323916999092	-0.003804119392890491
279	280	0.3390792823892814	0.15604674932204227	0.025953664870166246
68	68	0.19187663089174634	0.5224604473631058	0.10316421892343185
120	120	0.4345475913892171	0.2852217687301504	0.0148533822559361
119	119	0.383160457092231	0.19140615201331354	0.05820203170180354
123	123	0.2844441382877379	0.13737627846713582	0.012453832853284611
127	127	0.26305518439459613	0.46304176509152933	0.056641653326516495
121	121	0.2754405502088298	0.4536604917749846	0.01937853355036832
129	129	0.21139412857227818	0.6216836359702818	0.013551040657172008
122	122	0.1251326162813636	0.7822987487900736	0.001934930310548177
125	125	0.11971005451203283	0.7026077478218504	0.02872305085737338
132	132	0.14135769898574727	0.7499830643585296	0.003671273029947443
131	131	0.2853225602484013	0.581250371491805	0.06654126623822282
126	126	0.12338292129300522	0.46589022127766383	0.02447493511451396
128	128	0.158790010557336	0.6476084348162799	-0.00220664248536946
133	133	0.18476553358331607	0.685147601046539	0.03333160704682743
37	37	0.38736810608281697	0.269413279966569	0.060613804600495265
188	189	0.04709202030021574	0.8401538275498489	0.0021733965919292185
30	30	0.25984733538851107	0.5487594959939924	0.03955275437840783
185	186	0.18449437228406163	0.6698691747714728	-0.003098215049566788
29	29	0.03703579321930164	0.8688885449186006	-0.0028192580465317687
35	35	0.053085654567516925	0.7513035758833434	-0.004170792406555322
186	187	0.2745521187663248	0.30397246955139046	-0.006717565091965288
189	190	0.6083944775245652	0.2635814778520162	0.08204720629908346
36	36	0.03687454363210935	0.7751182107502881	0.024675759061988045
33	33	0.19818144385048528	0.6082498827157019	0.027216857864218406
2	2	0.7229393318186729	0.003369787306021114	0.07924415579869572
187	188	0.5357807421155598	0.11232453678348513	0.1048545656135435
1	1	0.03171461231718126	0.8513425262813918	0.006611055138726923
38	38	0.34923697048366587	0.19064346288094847	0.04670221785164731
161	161	0.43754811160055335	0.1382880178910969	0.056636367930726836
3	3	0.2454376848843557	0.15247280673639582	0.013894915265679191
182	183	0.0939200271661017	0.8584786756573803	0.003515832795114488
159	159	0.47267656323810686	0.34019778338973544	0.02071003637814748
160	160	0.3672206829030144	0.4060579942651177	0.03940866386180966
191	192	0.21213896258538853	0.5347813098630443	-0.00612687990214905
183	184	0.16654672563890824	0.612854857701625	0.15544433522282602
190	191	0.3008871017260139	0.45564218477283436	0.013695252827102121
4	4	0.2967565337522882	0.5047157641753657	0.017233683214871807
158	158	0.30139672247552646	0.3751898501674277	0.0008083302393109507
243	244	0.17995576827992027	0.6220739794103858	0.025405110340080826
255	256	0.30608545442750706	0.4904527907983188	0.010790553230006432
245	246	0.2027429313446014	0.6895434813415987	0.00630161295746319
251	252	0.05846918594996309	0.7862830271083737	0.006897271879307328
244	245	0.19132898576073598	0.10953477358089389	-0.006867898361230305
8	8	0.39105336882057556	0.3511656871042923	0.028442499285510285
248	249	0.17406661073301785	0.08184713385437935	0.003291088621519715
6	6	0.35716180086277177	0.5442683476286149	0.00965460666843452
7	7	0.10523627882439865	0.7423467718242576	0.08291015227639831
250	251	0.28506442011116095	0.5009078578235626	0.02456530244438987
242	243	0.2163993168844096	0.4026778716476521	0.007439508747631295
226	227	0.10560127090111505	0.21841342049599163	-0.024468252931971197
11	11	0.10771278822000577	0.8479530101594893	0.02354966308936681
225	226	0.4522663462759445	0.3695258983799427	0.04224966102819748
233	234	0.10255892197557237	0.7606598841150718	0.0615793348213545
9	9	0.296470281128052	0.3838758334709571	0.06236134236157929
232	233	0.37748137758283484	0.24799702832956103	0.09278513266073304
224	225	0.11650052742541214	0.8339496676011611	-0.011645808508774159
223	224	0.18456564441409998	0.5756689091468831	-0.009445487966877573
231	232	0.37288615744396	0.5483820618945525	0.06328828533557868
10	10	0.19560471560152873	0.6386260350480071	0.006455995630588985
230	231	0.10418296139105074	0.9156812463247412	0.002557344071532061
236	237	0.47644051973549534	0.34319767377218485	0.07117127403933882
229	230	0.16845676980745766	0.6094862283730906	0.02240382232385285
206	207	0.33883645058612427	0.3815641653029576	-0.005484144098292357
207	208	0.23477601911151852	0.22375899862224302	0.0020320695527060433
238	239	0.14262401166857866	0.6764201333592944	0.03610498482295943
212	213	0.28738859553118373	0.47969846901532504	0.03612827714784116
213	214	0.19925546553221185	0.6855618135718449	0.0012136345503147867
208	209	0.28881183500424434	0.32568469852322357	0.016730895381543695
246	247	0.06495965357892004	0.7358524688338526	0.02855819641620693
237	238	0.12511599314836727	0.6162956405180411	0.059630472501509844
214	215	0.28032254128720013	0.5466952759071434	-0.0035517927418656937
239	240	0.11861617684741987	0.7025100837508987	0.009586502693125665
211	212	0.14956689303946497	0.728556979483125	0.020880691987464887
732	733	0.19714173632038945	0.28105203366194365	0.0071015906358225
980	981	0.3876753698957115	0.3694510178548302	0.007054580787960202
816	817	0.4019854606898727	0.3457915773231724	0.030157586021322333
982	983	0.22478946952018233	0.343679466458106	0.032685565694098
838	839	0.012875019416771091	0.7421161007537891	0.04021837707413039
727	728	0.07280327847151521	0.8030944060010232	0.010131976178339934
735	736	0.244476407832484	0.4507275100377569	0.02999227118015529
813	814	0.2630446041713632	0.2019342167576889	0.026538755157271464
731	732	0.3798506323522395	0.18201889318198305	0.012375612051831547
819	820	0.48394591339979487	0.23221278379730395	0.0017137870439189462
981	982	0.09171075493490398	0.6304950699257019	-0.004251710878914428
734	735	0.20729727001059048	0.5751074705613598	0.23109910004547443
210	211	0.03685262506714043	0.8539667719690022	-0.02032381782755362
215	216	0.3194371206001751	0.36792540040056276	0.0246926648816628
220	221	0.1775359845953704	0.4560987167350434	0.1422534542803981
221	222	0.08315181063429498	0.8075845703301774	-0.0054777973143063825
12	12	0.6381283862344448	0.21725217935494281	0.03001298621933579
217	218	0.14175360804014517	0.6691901029902088	0.022473988691889872
222	223	0.02635131536874211	0.7976825363177744	-0.003987089463639433
13	13	0.17642631800637892	0.4668193296853291	0.038109783016667335
219	220	0.09285385293769154	0.7873373649294421	0.01382637037596479
15	15	0.2124424850878046	0.6417244384817886	0.016906002827381007
19	19	0.241074376612061	0.566045856339058	0.014901742603606749
16	16	0.23162494349981444	0.4203721718396447	-0.0018871771287652505
17	17	0.18684282055381451	0.5369416034398886	0.0013150740638272727
259	260	0.41725495631082543	0.22562450975334336	0.03631181901283084
23	23	0.27393943746699945	0.3022068020259243	0.006753509085321498
260	261	0.27437827954461746	0.5441566711247459	0.014370888080412448
262	263	0.10376315605784492	0.6603216771222524	0.02995866196837261
256	257	0.3625855743865368	0.4262852092289463	0.009831588066415342
258	259	0.09181065464556276	0.748087603090258	-0.0005009095583325103
257	258	0.2713443185416013	0.5261880441991541	0.08223295714351885
18	18	0.3925099969542558	0.10108411147344444	0.12537422313468416
266	267	0.21477895745563208	0.07200360864309745	0.13622966781325793
267	268	0.4148373751186801	0.29801440588847333	0.020222291046298125
275	276	0.4322656509053748	0.2641851211537942	0.05773735096539287
264	265	0.19604758515247356	0.6673576575800303	0.01114666431270655
270	271	0.30049851230478525	0.38731803839628776	0.005903173161723689
271	272	0.14296999747244685	0.644565986204392	0.00639133432019213
274	275	0.3036094272847184	0.431500166629801	0.005379878058138273
263	264	0.3256557616528744	0.21285499444408496	0.001804934415390383
24	24	0.3140332983737314	0.4017725983188035	0.02542283377828731
273	274	0.052385960265942805	0.8128224901892537	-0.004324570082965844
269	270	0.32909070707790006	0.36821162140518826	0.05185393660788838
929	930	0.2344268545969893	0.5618519417400372	-0.005899691519713458
926	927	0.1396127163244619	0.8113436739177766	-0.0004675913081174689
933	934	0.3105431145608347	0.46596256659529856	0.02661492507235215
937	938	0.26112302971834633	0.25591296446104284	0.007027435202340379
930	931	0.16605440267734364	0.5455241188096113	0.04234490258526491
935	936	0.2962210937472646	0.21095683916527425	0.009645888225263273
934	935	0.359562033207167	0.4348557925403121	0.05121942500046658
932	933	0.2504136634362594	0.6198860900494247	0.010602145990347003
927	928	0.3671635009232727	0.3144219292091836	0.050924441260941686
944	945	0.10527396055390392	0.6399461365352505	-0.006204773879581312
943	944	0.15618058879112232	0.1664231341289746	0.0077803635755392606
949	950	0.22600881688345448	0.5252846877761552	0.041840283629252094
941	942	0.21686526332890227	0.6540361800502119	0.007942311421595634
946	947	0.2033013473934658	0.15178824379322758	0.04098823992098938
947	948	0.5211562598192679	0.20016134501411875	0.020690083597724923
939	940	0.18818632299766788	0.7461416665243917	0.029685407135315676
938	939	0.3057001348768865	0.47713554612322095	-0.006381016540918489
945	946	0.09965532005289725	0.7279106218803102	0.01472647680227115
957	958	0.16388924720640616	0.5036167793360199	-0.0021569835283096403
955	956	0.15453085362041055	0.5616312281863629	0.0067380777545317915
959	960	0.5176674362216697	0.1609728204819861	0.015328857245180995
956	957	0.2086045845223756	0.5607933989474424	0.03674348932662329
951	952	0.1781777967462443	0.5063857618142142	0.010204308231584431
962	963	0.14553313611984425	0.4734979556378502	-0.014560528434563656
953	954	0.17923704097125442	0.7443778531782819	-0.014362821399316605
960	961	0.3654270883557737	0.4561761778944097	0.006632852730180015
961	962	0.1529957625752554	0.6749445689746782	0.028639518231308496
954	955	0.2889441914222257	0.3932887940266787	0.007554121930843091
958	959	0.30811494896376096	0.35883462801220667	0.06372016513869111
520	521	0.17313445746804826	0.7065841933796314	0.0023402008877864613
560	561	0.2716374831223489	0.48072215334952606	0.09559882941720914
475	476	0.4031886217164998	0.2094953519997099	0.058810820380759396
476	477	0.2230930288029541	0.36448907012634474	-0.0063329380307896865
522	523	0.22953164415588045	0.5763740926319596	0.016252512971798624
491	492	0.21487694835649238	0.6386070490600161	-0.0129518023065304
384	385	0.06811638421292222	0.8261315518761971	-0.0018847804065771773
500	501	0.34081025876214716	0.41154206187196524	-0.0056780215900952
557	558	0.22202489136512177	0.39712808308603675	0.009898158123531411
501	502	0.6595377090271947	0.051058265482930715	0.04174290618660916
519	520	0.10714137338816446	0.7421194352091655	0.020974410054698477
477	478	0.2587756481523804	0.5125440126041285	0.013967744533999205
564	565	0.18886233903556632	0.6931818233783826	0.07142252134412076
241	242	0.2500170458675453	0.6543188500732511	0.008385890147684335
203	204	0.1142181744935784	0.7237390434318187	0.026423535025835488
202	203	0.24762558556930817	0.5202889619670068	0.008665948981872439
201	202	0.27554353191644715	0.47129181780242435	0.054359797404759325
198	199	0.13108422155009494	0.6430565142772333	-0.003283076821650059
194	195	0.23874951878866468	0.5038621118288069	0.024307930626371557
196	197	0.13325397420216947	0.6558308546398504	0.022117301522161674
192	193	0.24235609082782558	0.5447266361329891	-0.00031900699104159963
197	198	0.1339738110658508	0.5949236306172573	-0.006646847752186943
200	201	0.16463817530221073	0.7159757061705182	0.028461417867953268
204	205	0.2251763987170188	0.4462359186228534	-0.012946663347740854
199	200	0.2745570411215831	0.5759212843075143	0.015873868686257835
742	743	0.040946915077501665	0.7089634155107508	0.07309028473391183
748	749	0.35957507899092833	0.29529765714586864	0.08708376505529603
747	748	0.32463963490219233	0.3484411728403617	0.04941034186617657
818	819	0.10244501365648222	0.7586958529664365	0.047322230770098395
839	840	0.1756642655677528	0.6770232952991652	0.00636080691092076
983	984	0.14880156117331325	0.5809010029018442	-0.0034947772654586665
749	750	0.13836874646350703	0.6574728358889206	0.03196566223607383
729	730	0.24913662948473947	0.4715653851954288	0.023452194720036488
746	747	0.2906396826035245	0.517445521745511	0.0392002285117069
730	731	0.19413818923953113	0.6085350102697225	0.02059778875739056
984	985	0.2139742065998595	0.6481820200439106	0.01970074488693155
745	746	0.14230740907717923	0.5012324645318795	0.03761176956684728
744	745	0.32064245808534975	0.43793817479982355	-0.0030145958990492197
795	796	0.2797341665825505	0.34249336911027	0.005776387894873604
750	751	0.18826050853389936	0.5668535496743089	0.03757294198323688
801	802	0.061079995546041335	0.8612279750409809	0.014978915446050478
794	795	0.2659649373225705	0.5557042776376678	0.0009881384092350282
799	800	0.3284648165310858	0.2741927900335947	-0.0013306043510043757
796	797	0.30058730843647385	0.4585528062120659	-0.003153456370053806
814	815	0.26855987505662093	0.20205120730608683	-0.004431121707761568
822	823	0.28586350397006627	0.45117983900472114	0.0556132159016943
797	798	0.05089536445805936	0.8346555307328063	0.014133311529949191
800	801	0.07021829541072208	0.6939134926729114	0.017276177206045365
840	841	0.42951764221818944	0.3837997533915772	0.0811335553526608
798	799	0.4232290761000942	0.47184008986580944	0.0074145131788214275
821	822	0.3377007839326478	0.479336533609984	0.0347526442605707
